seed,model,coverage_pf_mean,coverage_pf,q_pf,experiment_name,run_id,architecture,architecture_tag,loss_mode,loss_tag
46,DeepSets_RESVAR+conformal90,0.8992222222222223,"[0.9090873015873016, 0.8994841269841269, 0.8948809523809523, 0.8982936507936508, 0.8987301587301587, 0.8992857142857142, 0.9003174603174603, 0.8937301587301587, 0.9015873015873016, 0.8968253968253969]","[0.44641098380088806, 0.3298998475074768, 0.5570322275161743, 0.7393848896026611, 0.781833291053772, 0.8562278747558594, 0.26107099652290344, 0.39655688405036926, 0.4694582521915436, 0.07233694940805435]",DeepSets_RESVAR,DeepSets_RESVAR_seed46,deepsets,DeepSets,residual_variance_reg,RESVAR
