seed,model,coverage_pf_mean,coverage_pf,q_pf,experiment_name,run_id,architecture,architecture_tag,loss_mode,loss_tag
47,MeanPoolLinear_RESVAR+conformal90,0.8979206349206349,"[0.8953968253968254, 0.8952777777777777, 0.9003571428571429, 0.8976984126984127, 0.9003174603174603, 0.8932539682539683, 0.8981746031746032, 0.8959126984126984, 0.8985714285714286, 0.9042460317460318]","[0.8808204531669617, 0.6082445979118347, 0.9111196398735046, 0.9867309927940369, 1.0240753889083862, 0.9977223873138428, 0.6208891868591309, 0.5085707902908325, 0.8293701410293579, 0.790500283241272]",MeanPoolLinear_RESVAR,MeanPoolLinear_RESVAR_seed47,meanpool_linear,MeanPoolLinear,residual_variance_reg,RESVAR
