seed,model,r2_set_repr_mean,r2_z_mean,r2_set_repr_pf,r2_z_pf,experiment_name,run_id,architecture,architecture_tag,loss_mode,loss_tag
47,FlatMLP_NLL,0.7559965252876282,0.9008147120475769,"[0.8496167063713074, 0.9348334074020386, 0.7060917019844055, 0.5194116830825806, 0.49232566356658936, 0.4958171248435974, 0.8890418410301208, 0.8678333163261414, 0.8257807493209839, 0.9792126417160034]","[0.9615989327430725, 0.9779846668243408, 0.9210667610168457, 0.7909463047981262, 0.7961513996124268, 0.745062530040741, 0.9781370162963867, 0.9252731800079346, 0.9142993092536926, 0.9976274371147156]",FlatMLP_NLL,FlatMLP_NLL_seed47,flatmlp,FlatMLP,nll,NLL
