seed,model,coverage_pf_mean,coverage_pf,q_pf,experiment_name,run_id,architecture,architecture_tag,loss_mode,loss_tag
45,MeanPoolLinear_RESVAR+conformal90,0.8989841269841271,"[0.9007936507936508, 0.8988095238095238, 0.900515873015873, 0.8954761904761904, 0.8977777777777778, 0.8925793650793651, 0.8956349206349207, 0.9033333333333333, 0.9021031746031746, 0.9028174603174604]","[0.8976543545722961, 0.6176086664199829, 0.9116522073745728, 0.9798918962478638, 1.019096851348877, 0.9980473518371582, 0.6146916747093201, 0.5227202773094177, 0.8407426476478577, 0.7972758412361145]",MeanPoolLinear_RESVAR,MeanPoolLinear_RESVAR_seed45,meanpool_linear,MeanPoolLinear,residual_variance_reg,RESVAR
