seed,model,coverage_pf_mean,coverage_pf,q_pf,experiment_name,run_id,architecture,architecture_tag,loss_mode,loss_tag
47,FlatMLP_RESVAR+conformal90,0.8990238095238094,"[0.903531746031746, 0.9047222222222222, 0.8991269841269841, 0.901547619047619, 0.9002777777777777, 0.8983730158730159, 0.8929761904761905, 0.8925, 0.8996031746031746, 0.8975793650793651]","[0.3552151322364807, 0.2560066282749176, 0.3745121657848358, 0.5181049108505249, 0.4497660994529724, 0.5693600177764893, 0.20492760837078094, 0.379762202501297, 0.38873592019081116, 0.06894329190254211]",FlatMLP_RESVAR,FlatMLP_RESVAR_seed47,flatmlp,FlatMLP,residual_variance_reg,RESVAR
