seed,model,coverage_pf_mean,coverage_pf,q_pf,experiment_name,run_id,architecture,architecture_tag,loss_mode,loss_tag
46,MeanPoolMLP_RESVAR+conformal90,0.8984246031746033,"[0.9014682539682539, 0.900515873015873, 0.8972222222222223, 0.8940476190476191, 0.8990079365079365, 0.8957142857142857, 0.9017460317460317, 0.8946428571428572, 0.8976587301587302, 0.9022222222222223]","[0.5949610471725464, 0.4186255633831024, 0.6149972677230835, 0.7984907031059265, 0.7992401123046875, 0.8631088137626648, 0.408888041973114, 0.4041655361652374, 0.6629382371902466, 0.0642058476805687]",MeanPoolMLP_RESVAR,MeanPoolMLP_RESVAR_seed46,meanpool,MeanPoolMLP,residual_variance_reg,RESVAR
