seed,model,r2_set_repr_mean,r2_z_mean,r2_set_repr_pf,r2_z_pf,experiment_name,run_id,architecture,architecture_tag,loss_mode,loss_tag
45,FlatMLP_RESVAR,0.755971372127533,0.9108414649963379,"[0.8495585918426514, 0.9348059892654419, 0.7058643102645874, 0.5192521810531616, 0.49250781536102295, 0.4958387017250061, 0.8889952301979065, 0.867889404296875, 0.8257911205291748, 0.979210376739502]","[0.9622385501861572, 0.979106068611145, 0.9244668483734131, 0.823004961013794, 0.837183952331543, 0.7773382663726807, 0.9761003851890564, 0.9152968525886536, 0.9158910512924194, 0.9977877140045166]",FlatMLP_RESVAR,FlatMLP_RESVAR_seed45,flatmlp,FlatMLP,residual_variance_reg,RESVAR
