seed,model,r2_set_repr_mean,r2_z_mean,r2_set_repr_pf,r2_z_pf,experiment_name,run_id,architecture,architecture_tag,loss_mode,loss_tag
47,DeepSets_NLL,0.7408674955368042,0.7218542695045471,"[0.9070417284965515, 0.9580723643302917, 0.8098892569541931, 0.5615484714508057, 0.512689471244812, 0.48574328422546387, 0.9418563842773438, 0.8896833658218384, 0.34493911266326904, 0.9972116351127625]","[0.9241520166397095, 0.9608842730522156, 0.8413225412368774, 0.5845584869384766, 0.5285457372665405, 0.4802759885787964, 0.9524838328361511, 0.8930952548980713, 0.055653274059295654, 0.9975710511207581]",DeepSets_NLL,DeepSets_NLL_seed47,deepsets,DeepSets,nll,NLL
