seed,model,coverage_pf_mean,coverage_pf,q_pf,experiment_name,run_id,architecture,architecture_tag,loss_mode,loss_tag
47,MeanPoolMLP_RESVAR+conformal90,0.898952380952381,"[0.8983333333333333, 0.9026984126984127, 0.8958333333333334, 0.9005952380952381, 0.8965079365079365, 0.8980555555555556, 0.9031349206349206, 0.8911904761904762, 0.9015079365079365, 0.9016666666666666]","[0.586941123008728, 0.41041988134384155, 0.6048265099525452, 0.8113125562667847, 0.7971764802932739, 0.8808878064155579, 0.41096997261047363, 0.40076425671577454, 0.6715645790100098, 0.0686698853969574]",MeanPoolMLP_RESVAR,MeanPoolMLP_RESVAR_seed47,meanpool,MeanPoolMLP,residual_variance_reg,RESVAR
