seed,model,coverage_pf_mean,coverage_pf,q_pf,experiment_name,run_id,architecture,architecture_tag,loss_mode,loss_tag
45,MeanPoolMLP_NLL+conformal90,0.8989444444444443,"[0.9013492063492063, 0.8991269841269841, 0.8984126984126984, 0.8961111111111111, 0.8999206349206349, 0.8978571428571429, 0.8957539682539682, 0.8962698412698412, 0.9017460317460317, 0.9028968253968254]","[0.5855628252029419, 0.43754392862319946, 0.6331464648246765, 0.8202833533287048, 0.8131993412971497, 0.8914579153060913, 0.38842445611953735, 0.4110254943370819, 0.6968367099761963, 0.06543189287185669]",MeanPoolMLP_NLL,MeanPoolMLP_NLL_seed45,meanpool,MeanPoolMLP,nll,NLL
