seed,model,coverage_pf_mean,coverage_pf,q_pf,experiment_name,run_id,architecture,architecture_tag,loss_mode,loss_tag
47,FactorQuery_NLL+conformal90,0.8995873015873016,"[0.8998015873015873, 0.9072619047619047, 0.9010714285714285, 0.9032936507936508, 0.8979365079365079, 0.8944047619047619, 0.9030952380952381, 0.8981349206349206, 0.8961904761904762, 0.8946825396825396]","[0.5086454153060913, 0.3598777651786804, 0.6593030095100403, 0.8348312377929688, 0.8117682337760925, 0.8217425346374512, 0.31630921363830566, 0.4083464741706848, 0.47062885761260986, 0.18482501804828644]",FactorQuery_NLL,FactorQuery_NLL_seed47,factorquery,FactorQuery,nll,NLL
