seed,model,coverage_pf_mean,coverage_pf,q_pf,experiment_name,run_id,architecture,architecture_tag,loss_mode,loss_tag
45,MeanPoolLinear_NLL+conformal90,0.8992579365079367,"[0.8986904761904762, 0.8985714285714286, 0.8982539682539683, 0.8949603174603175, 0.8983730158730159, 0.8957539682539682, 0.8969047619047619, 0.9046031746031746, 0.9038492063492064, 0.9026190476190477]","[0.9007086157798767, 0.6324723958969116, 0.9268231391906738, 0.9847251176834106, 1.0287744998931885, 1.0043796300888062, 0.6187089085578918, 0.5248302221298218, 0.8320317268371582, 0.8479447364807129]",MeanPoolLinear_NLL,MeanPoolLinear_NLL_seed45,meanpool_linear,MeanPoolLinear,nll,NLL
