seed,model,coverage_pf_mean,coverage_pf,q_pf,experiment_name,run_id,architecture,architecture_tag,loss_mode,loss_tag
47,MeanPoolLinear_NLL+conformal90,0.8981626984126985,"[0.8946031746031746, 0.8942063492063492, 0.8999206349206349, 0.8981746031746032, 0.9013492063492063, 0.8964682539682539, 0.8971825396825397, 0.8961507936507936, 0.8994444444444445, 0.9041269841269841]","[0.8859871625900269, 0.6191403865814209, 0.9320991039276123, 0.9980107545852661, 1.0352510213851929, 1.007108449935913, 0.6225546598434448, 0.5099635124206543, 0.8226779103279114, 0.8521361351013184]",MeanPoolLinear_NLL,MeanPoolLinear_NLL_seed47,meanpool_linear,MeanPoolLinear,nll,NLL
