seed,model,coverage_pf_mean,coverage_pf,q_pf,experiment_name,run_id,architecture,architecture_tag,loss_mode,loss_tag
46,MeanPoolLinear_NLL+conformal90,0.8987857142857143,"[0.8996428571428572, 0.8998809523809523, 0.8995238095238095, 0.893095238095238, 0.8989285714285714, 0.8974603174603175, 0.9011507936507936, 0.8980555555555556, 0.8993253968253968, 0.9007936507936508]","[0.8990311026573181, 0.6373270750045776, 0.9261218309402466, 0.9834883213043213, 1.0295507907867432, 1.0110151767730713, 0.6279416084289551, 0.51375412940979, 0.821918785572052, 0.8388814926147461]",MeanPoolLinear_NLL,MeanPoolLinear_NLL_seed46,meanpool_linear,MeanPoolLinear,nll,NLL
