seed,model,coverage_pf_mean,coverage_pf,q_pf,experiment_name,run_id,architecture,architecture_tag,loss_mode,loss_tag
46,MeanPoolLinear_RESVAR+conformal90,0.8988055555555556,"[0.8998809523809523, 0.9, 0.900436507936508, 0.895, 0.8982539682539683, 0.8963492063492063, 0.900952380952381, 0.8979365079365079, 0.8986904761904762, 0.9005555555555556]","[0.8942906260490417, 0.6216435432434082, 0.9080522656440735, 0.9807804226875305, 1.0196046829223633, 1.0052200555801392, 0.6238080263137817, 0.5106125473976135, 0.8314864039421082, 0.7845665812492371]",MeanPoolLinear_RESVAR,MeanPoolLinear_RESVAR_seed46,meanpool_linear,MeanPoolLinear,residual_variance_reg,RESVAR
