seed,model,coverage_pf_mean,coverage_pf,q_pf,experiment_name,run_id,architecture,architecture_tag,loss_mode,loss_tag
47,FlatMLP_NLL+conformal90,0.9000198412698414,"[0.9013095238095238, 0.905, 0.9044047619047619, 0.9013492063492063, 0.8980952380952381, 0.900079365079365, 0.8968650793650793, 0.8937698412698413, 0.8996825396825396, 0.8996428571428572]","[0.3299834430217743, 0.25071534514427185, 0.3789472281932831, 0.5446843504905701, 0.4958042502403259, 0.6021377444267273, 0.19306068122386932, 0.3940342962741852, 0.3992649018764496, 0.06714431941509247]",FlatMLP_NLL,FlatMLP_NLL_seed47,flatmlp,FlatMLP,nll,NLL
