seed,model,coverage_pf_mean,coverage_pf,q_pf,experiment_name,run_id,architecture,architecture_tag,loss_mode,loss_tag
45,DeepSets_NLL+conformal90,0.8994047619047618,"[0.8994841269841269, 0.8970238095238096, 0.9008730158730158, 0.8998412698412699, 0.8990079365079365, 0.8961111111111111, 0.8963492063492063, 0.8990873015873015, 0.9041269841269841, 0.9021428571428571]","[0.44775471091270447, 0.3205491900444031, 0.5658010840415955, 0.805930495262146, 0.8662211894989014, 1.001010537147522, 0.24894410371780396, 0.411641389131546, 0.6539939641952515, 0.0696062222123146]",DeepSets_NLL,DeepSets_NLL_seed45,deepsets,DeepSets,nll,NLL
