seed,model,r2_set_repr_mean,r2_z_mean,r2_set_repr_pf,r2_z_pf,experiment_name,run_id,architecture,architecture_tag,loss_mode,loss_tag
46,DeepSets_NLL,0.7448862791061401,0.7312266826629639,"[0.9146947860717773, 0.9570249915122986, 0.8202337026596069, 0.6054624319076538, 0.4536336064338684, 0.457122266292572, 0.9536345601081848, 0.896411120891571, 0.3931254744529724, 0.9975196719169617]","[0.936245322227478, 0.9628238677978516, 0.8342304229736328, 0.63152015209198, 0.4584731459617615, 0.4646846055984497, 0.9638622999191284, 0.900307834148407, 0.16283035278320312, 0.9972893595695496]",DeepSets_NLL,DeepSets_NLL_seed46,deepsets,DeepSets,nll,NLL
