seed,model,r2_set_repr_mean,r2_z_mean,r2_set_repr_pf,r2_z_pf,experiment_name,run_id,architecture,architecture_tag,loss_mode,loss_tag
47,FactorQuery_NLL,0.8142912983894348,0.7150757312774658,"[0.9146246910095215, 0.9474357962608337, 0.7990597486495972, 0.6039637923240662, 0.5870658159255981, 0.5764954090118408, 0.9414312243461609, 0.9032031297683716, 0.8826480507850647, 0.986985445022583]","[0.8164765238761902, 0.8973173499107361, 0.6743673086166382, 0.4386804699897766, 0.38214224576950073, 0.45505112409591675, 0.8972196578979492, 0.8454996347427368, 0.8288465142250061, 0.9151563048362732]",FactorQuery_NLL,FactorQuery_NLL_seed47,factorquery,FactorQuery,nll,NLL
