seed,model,r2_set_repr_mean,r2_z_mean,r2_set_repr_pf,r2_z_pf,experiment_name,run_id,architecture,architecture_tag,loss_mode,loss_tag
47,MeanPoolLinear_NLL,0.6846793293952942,0.6846793293952942,"[0.7676443457603455, 0.8913807272911072, 0.6230089664459229, 0.4144126772880554, 0.3710188865661621, 0.38547027111053467, 0.8318132162094116, 0.8603938817977905, 0.7227672338485718, 0.9788825511932373]","[0.7676443457603455, 0.8913807272911072, 0.6230089068412781, 0.4144126772880554, 0.3710188865661621, 0.385470449924469, 0.8318132162094116, 0.8603938817977905, 0.7227672338485718, 0.9788825511932373]",MeanPoolLinear_NLL,MeanPoolLinear_NLL_seed47,meanpool_linear,MeanPoolLinear,nll,NLL
