seed,model,r2_set_repr_mean,r2_z_mean,r2_set_repr_pf,r2_z_pf,experiment_name,run_id,architecture,architecture_tag,loss_mode,loss_tag
46,FactorQuery_NLL,0.8031595349311829,0.7257768511772156,"[0.9059348106384277, 0.9558239579200745, 0.7843999266624451, 0.5796507596969604, 0.5410093069076538, 0.5587638020515442, 0.9407250285148621, 0.8945810198783875, 0.87504643201828, 0.9956599473953247]","[0.8115285634994507, 0.9066352248191833, 0.7130826115608215, 0.5017821788787842, 0.41442424058914185, 0.4055229425430298, 0.8884299397468567, 0.8230918645858765, 0.8129905462265015, 0.9802806377410889]",FactorQuery_NLL,FactorQuery_NLL_seed46,factorquery,FactorQuery,nll,NLL
