seed,model,r2_set_repr_mean,r2_z_mean,r2_set_repr_pf,r2_z_pf,experiment_name,run_id,architecture,architecture_tag,loss_mode,loss_tag
47,MeanPoolLinear_RESVAR,0.6846792101860046,0.6846792101860046,"[0.7676443457603455, 0.8913807272911072, 0.6230089068412781, 0.4144126772880554, 0.3710189461708069, 0.3854702115058899, 0.8318132162094116, 0.8603938817977905, 0.7227672338485718, 0.9788825511932373]","[0.7676443457603455, 0.8913807272911072, 0.6230089068412781, 0.4144126772880554, 0.3710188865661621, 0.38547027111053467, 0.8318131566047668, 0.8603938817977905, 0.7227672934532166, 0.9788825511932373]",MeanPoolLinear_RESVAR,MeanPoolLinear_RESVAR_seed47,meanpool_linear,MeanPoolLinear,residual_variance_reg,RESVAR
