seed,model,r2_set_repr_mean,r2_z_mean,r2_set_repr_pf,r2_z_pf,experiment_name,run_id,architecture,architecture_tag,loss_mode,loss_tag
46,FlatMLP_NLL,0.7559887170791626,0.9068624377250671,"[0.8496034145355225, 0.9348180890083313, 0.7060309648513794, 0.5191978216171265, 0.4925333261489868, 0.49571681022644043, 0.8890842199325562, 0.8678712844848633, 0.825818657875061, 0.9792129397392273]","[0.9618921279907227, 0.9776672124862671, 0.9199027419090271, 0.8088983297348022, 0.8150237798690796, 0.7685415148735046, 0.9771276712417603, 0.9236318469047546, 0.9182547926902771, 0.997684895992279]",FlatMLP_NLL,FlatMLP_NLL_seed46,flatmlp,FlatMLP,nll,NLL
