seed,model,coverage_pf_mean,coverage_pf,q_pf,experiment_name,run_id,architecture,architecture_tag,loss_mode,loss_tag
46,FlatMLP_NLL+conformal90,0.8969841269841268,"[0.9007936507936508, 0.895952380952381, 0.8933333333333333, 0.893531746031746, 0.8968650793650793, 0.900079365079365, 0.8960317460317461, 0.8937698412698413, 0.8992063492063492, 0.9002777777777777]","[0.3353385329246521, 0.24318288266658783, 0.36900779604911804, 0.5132507085800171, 0.47417277097702026, 0.5900651812553406, 0.1950913965702057, 0.3831042945384979, 0.396170437335968, 0.06530987471342087]",FlatMLP_NLL,FlatMLP_NLL_seed46,flatmlp,FlatMLP,nll,NLL
