seed,model,coverage_pf_mean,coverage_pf,q_pf,experiment_name,run_id,architecture,architecture_tag,loss_mode,loss_tag
46,DeepSets_NLL+conformal90,0.8987936507936508,"[0.9017063492063492, 0.8977380952380952, 0.892420634920635, 0.9011904761904762, 0.8986507936507937, 0.9001190476190476, 0.8997619047619048, 0.8995634920634921, 0.8992063492063492, 0.8975793650793651]","[0.440873920917511, 0.3168630301952362, 0.564503014087677, 0.7680632472038269, 0.9133278131484985, 0.919029712677002, 0.2550404369831085, 0.41272255778312683, 1.3146451711654663, 0.06514642387628555]",DeepSets_NLL,DeepSets_NLL_seed46,deepsets,DeepSets,nll,NLL
