seed,model,r2_set_repr_mean,r2_z_mean,r2_set_repr_pf,r2_z_pf,experiment_name,run_id,architecture,architecture_tag,loss_mode,loss_tag
46,MeanPoolMLP_NLL,0.6846953630447388,0.7911815047264099,"[0.7676978707313538, 0.8913732171058655, 0.623026967048645, 0.41443997621536255, 0.37107330560684204, 0.38544541597366333, 0.8318013548851013, 0.8604235649108887, 0.7227881550788879, 0.9788839221000671]","[0.8921170830726624, 0.9430018067359924, 0.7977598905563354, 0.6102445125579834, 0.5602611303329468, 0.4957985281944275, 0.924896240234375, 0.9105773568153381, 0.7801293730735779, 0.997029185295105]",MeanPoolMLP_NLL,MeanPoolMLP_NLL_seed46,meanpool,MeanPoolMLP,nll,NLL
