seed,model,r2_set_repr_mean,r2_z_mean,r2_set_repr_pf,r2_z_pf,experiment_name,run_id,architecture,architecture_tag,loss_mode,loss_tag
47,MeanPoolMLP_NLL,0.6846792101860046,0.794409990310669,"[0.7676442861557007, 0.891380786895752, 0.6230088472366333, 0.4144126772880554, 0.3710188865661621, 0.38547027111053467, 0.8318132162094116, 0.8603938817977905, 0.7227672338485718, 0.9788825511932373]","[0.8877862691879272, 0.9455008506774902, 0.8216615319252014, 0.6070216298103333, 0.5729687213897705, 0.5025445222854614, 0.9235931634902954, 0.9003724455833435, 0.7854085564613342, 0.9972420334815979]",MeanPoolMLP_NLL,MeanPoolMLP_NLL_seed47,meanpool,MeanPoolMLP,nll,NLL
