seed,model,coverage_pf_mean,coverage_pf,q_pf,experiment_name,run_id,architecture,architecture_tag,loss_mode,loss_tag
46,FlatMLP_RESVAR+conformal90,0.8970079365079364,"[0.8978174603174603, 0.8933730158730159, 0.8969047619047619, 0.8927380952380952, 0.8978174603174603, 0.898531746031746, 0.8967063492063492, 0.8969047619047619, 0.900515873015873, 0.8987698412698413]","[0.3273221552371979, 0.2343020737171173, 0.3495975732803345, 0.48053601384162903, 0.46422359347343445, 0.5441529154777527, 0.19704128801822662, 0.3887558579444885, 0.3920272886753082, 0.06303073465824127]",FlatMLP_RESVAR,FlatMLP_RESVAR_seed46,flatmlp,FlatMLP,residual_variance_reg,RESVAR
