seed,model,r2_set_repr_mean,r2_z_mean,r2_set_repr_pf,r2_z_pf,experiment_name,run_id,architecture,architecture_tag,loss_mode,loss_tag
45,DeepSets_RESVAR,0.8232987523078918,0.8320571780204773,"[0.9189623594284058, 0.9591503739356995, 0.8326984643936157, 0.6533099412918091, 0.6118842363357544, 0.5305438041687012, 0.9519476294517517, 0.9005041122436523, 0.8771286010742188, 0.9968575239181519]","[0.9329972863197327, 0.9599405527114868, 0.8441662788391113, 0.6619738340377808, 0.639435350894928, 0.5431747436523438, 0.9575982689857483, 0.9014155268669128, 0.8821992874145508, 0.9976710081100464]",DeepSets_RESVAR,DeepSets_RESVAR_seed45,deepsets,DeepSets,residual_variance_reg,RESVAR
