seed,model,r2_set_repr_mean,r2_z_mean,r2_set_repr_pf,r2_z_pf,experiment_name,run_id,architecture,architecture_tag,loss_mode,loss_tag
45,MeanPoolLinear_RESVAR,0.6846989393234253,0.6846988797187805,"[0.7676804661750793, 0.891372561454773, 0.6229935884475708, 0.4144894480705261, 0.37114429473876953, 0.38547998666763306, 0.831791341304779, 0.8604040145874023, 0.7227491140365601, 0.9788844585418701]","[0.7676804661750793, 0.891372561454773, 0.6229935884475708, 0.4144895076751709, 0.37114429473876953, 0.3854796886444092, 0.8317912817001343, 0.8604040741920471, 0.7227490544319153, 0.9788844585418701]",MeanPoolLinear_RESVAR,MeanPoolLinear_RESVAR_seed45,meanpool_linear,MeanPoolLinear,residual_variance_reg,RESVAR
