seed,model,coverage_pf_mean,coverage_pf,q_pf,experiment_name,run_id,architecture,architecture_tag,loss_mode,loss_tag
45,FactorQuery_RESVAR+conformal90,0.8970912698412699,"[0.8948015873015873, 0.896547619047619, 0.8969444444444444, 0.8968650793650793, 0.8967460317460317, 0.8947619047619048, 0.8951984126984127, 0.898531746031746, 0.9003968253968254, 0.9001190476190476]","[0.4653811752796173, 0.36658692359924316, 0.6543183922767639, 0.8155797123908997, 0.8157151341438293, 0.8218328952789307, 0.27845466136932373, 0.42816051840782166, 0.49685582518577576, 0.0726877972483635]",FactorQuery_RESVAR,FactorQuery_RESVAR_seed45,factorquery,FactorQuery,residual_variance_reg,RESVAR
