seed,model,r2_set_repr_mean,r2_z_mean,r2_set_repr_pf,r2_z_pf,experiment_name,run_id,architecture,architecture_tag,loss_mode,loss_tag
47,MeanPoolMLP_RESVAR,0.6846792101860046,0.7937699556350708,"[0.7676443457603455, 0.8913807272911072, 0.6230089068412781, 0.4144126772880554, 0.37101882696151733, 0.38547027111053467, 0.8318132162094116, 0.8603938817977905, 0.7227672338485718, 0.9788825511932373]","[0.8883347511291504, 0.9488394260406494, 0.8189305067062378, 0.5947957038879395, 0.5790050029754639, 0.5194690227508545, 0.9076911211013794, 0.9027177095413208, 0.7802416086196899, 0.9976748824119568]",MeanPoolMLP_RESVAR,MeanPoolMLP_RESVAR_seed47,meanpool,MeanPoolMLP,residual_variance_reg,RESVAR
