seed,model,coverage_pf_mean,coverage_pf,q_pf,experiment_name,run_id,architecture,architecture_tag,loss_mode,loss_tag
45,FlatMLP_NLL+conformal90,0.898424603174603,"[0.8969444444444444, 0.8954761904761904, 0.9002777777777777, 0.896984126984127, 0.9016269841269842, 0.898531746031746, 0.895515873015873, 0.898968253968254, 0.9023809523809524, 0.8975396825396825]","[0.3400970697402954, 0.2517598867416382, 0.39277908205986023, 0.5451348423957825, 0.49313434958457947, 0.5817992687225342, 0.20200780034065247, 0.38801875710487366, 0.4124647080898285, 0.06858174502849579]",FlatMLP_NLL,FlatMLP_NLL_seed45,flatmlp,FlatMLP,nll,NLL
