seed,model,r2_set_repr_mean,r2_z_mean,r2_set_repr_pf,r2_z_pf,experiment_name,run_id,architecture,architecture_tag,loss_mode,loss_tag
46,MeanPoolMLP_RESVAR,0.6846953630447388,0.7932626008987427,"[0.767697811126709, 0.8913732767105103, 0.623026967048645, 0.41443997621536255, 0.3710733652114868, 0.385445237159729, 0.8318013548851013, 0.8604235649108887, 0.7227881550788879, 0.9788839221000671]","[0.8916733264923096, 0.9432554244995117, 0.8057163953781128, 0.5906088352203369, 0.5555775165557861, 0.5298686027526855, 0.919692873954773, 0.9095902442932129, 0.7901350259780884, 0.9965077638626099]",MeanPoolMLP_RESVAR,MeanPoolMLP_RESVAR_seed46,meanpool,MeanPoolMLP,residual_variance_reg,RESVAR
