seed,model,r2_set_repr_mean,r2_z_mean,r2_set_repr_pf,r2_z_pf,experiment_name,run_id,architecture,architecture_tag,loss_mode,loss_tag
47,DeepSets_RESVAR,0.8136521577835083,0.8123451471328735,"[0.9201921224594116, 0.9605822563171387, 0.8392578959465027, 0.6436507701873779, 0.6130177974700928, 0.5449288487434387, 0.9495912194252014, 0.9005183577537537, 0.767439603805542, 0.9973419308662415]","[0.9248272180557251, 0.9594348669052124, 0.8440855741500854, 0.667939305305481, 0.6179590225219727, 0.5343449711799622, 0.9420927166938782, 0.8859398365020752, 0.7500964999198914, 0.9967319965362549]",DeepSets_RESVAR,DeepSets_RESVAR_seed47,deepsets,DeepSets,residual_variance_reg,RESVAR
