seed,model,coverage_pf_mean,coverage_pf,q_pf,experiment_name,run_id,architecture,architecture_tag,loss_mode,loss_tag
45,FlatMLP_RESVAR+conformal90,0.8973333333333334,"[0.8969047619047619, 0.8963492063492063, 0.8972222222222223, 0.8988095238095238, 0.9003174603174603, 0.8952777777777777, 0.8905555555555555, 0.8970238095238096, 0.902420634920635, 0.898452380952381]","[0.3194572925567627, 0.24239476025104523, 0.3641616404056549, 0.49813246726989746, 0.4423254728317261, 0.5640456676483154, 0.19036024808883667, 0.3852146863937378, 0.3947850465774536, 0.0741853415966034]",FlatMLP_RESVAR,FlatMLP_RESVAR_seed45,flatmlp,FlatMLP,residual_variance_reg,RESVAR
