seed,model,r2_set_repr_mean,r2_z_mean,r2_set_repr_pf,r2_z_pf,experiment_name,run_id,architecture,architecture_tag,loss_mode,loss_tag
47,FlatMLP_RESVAR,0.7559965252876282,0.9100431203842163,"[0.8496166467666626, 0.9348334670066833, 0.7060917019844055, 0.5194116234779358, 0.49232566356658936, 0.49581724405288696, 0.8890418410301208, 0.8678333163261414, 0.8257807493209839, 0.9792126417160034]","[0.9626189470291138, 0.9791865944862366, 0.9261638522148132, 0.8208317160606384, 0.8413147330284119, 0.7753815054893494, 0.978544294834137, 0.9139829277992249, 0.9049110412597656, 0.997495710849762]",FlatMLP_RESVAR,FlatMLP_RESVAR_seed47,flatmlp,FlatMLP,residual_variance_reg,RESVAR
