seed,model,coverage_pf_mean,coverage_pf,q_pf,experiment_name,run_id,architecture,architecture_tag,loss_mode,loss_tag
47,MeanPoolMLP_NLL+conformal90,0.8975912698412699,"[0.8958333333333334, 0.9005952380952381, 0.8983730158730159, 0.8987301587301587, 0.8990079365079365, 0.8961507936507936, 0.8970238095238096, 0.8942460317460318, 0.8980555555555556, 0.8978968253968254]","[0.5695533156394958, 0.4510842263698578, 0.6126538515090942, 0.8024157285690308, 0.8200633525848389, 0.8856178522109985, 0.38038191199302673, 0.4019491672515869, 0.6816068291664124, 0.06344584375619888]",MeanPoolMLP_NLL,MeanPoolMLP_NLL_seed47,meanpool,MeanPoolMLP,nll,NLL
