seed,model,r2_set_repr_mean,r2_z_mean,r2_set_repr_pf,r2_z_pf,experiment_name,run_id,architecture,architecture_tag,loss_mode,loss_tag
46,FactorQuery_RESVAR,0.784213662147522,0.002847570227459073,"[0.9200993776321411, 0.9552193284034729, 0.756766676902771, 0.523993194103241, 0.491538941860199, 0.5123967528343201, 0.9403068423271179, 0.901849627494812, 0.8461578488349915, 0.9938077926635742]","[0.003914475440979004, 0.00398409366607666, 0.0028838515281677246, 0.005744874477386475, -0.0006208419799804688, 0.0058792829513549805, 0.0013494491577148438, 0.003534853458404541, 6.496906280517578e-05, 0.0017406940460205078]",FactorQuery_RESVAR,FactorQuery_RESVAR_seed46,factorquery,FactorQuery,residual_variance_reg,RESVAR
