seed,model,coverage_pf_mean,coverage_pf,q_pf,experiment_name,run_id,architecture,architecture_tag,loss_mode,loss_tag
46,MeanPoolMLP_NLL+conformal90,0.8991071428571429,"[0.8999206349206349, 0.8959126984126984, 0.8988888888888888, 0.9001984126984127, 0.8989285714285714, 0.8991269841269841, 0.9005952380952381, 0.8948809523809523, 0.901984126984127, 0.9006349206349207]","[0.5780099034309387, 0.42110341787338257, 0.628078043460846, 0.799842894077301, 0.8270896077156067, 0.9093074202537537, 0.3871847093105316, 0.40497830510139465, 0.7038654685020447, 0.08270890265703201]",MeanPoolMLP_NLL,MeanPoolMLP_NLL_seed46,meanpool,MeanPoolMLP,nll,NLL
