seed,model,r2_set_repr_mean,r2_z_mean,r2_set_repr_pf,r2_z_pf,experiment_name,run_id,architecture,architecture_tag,loss_mode,loss_tag
46,MeanPoolLinear_NLL,0.6846953630447388,0.6846953630447388,"[0.767697811126709, 0.8913732767105103, 0.623026967048645, 0.41443997621536255, 0.37107330560684204, 0.385445237159729, 0.8318014144897461, 0.8604235649108887, 0.7227881550788879, 0.9788839221000671]","[0.7676978707313538, 0.8913732171058655, 0.623026967048645, 0.41443997621536255, 0.3710733652114868, 0.3854452967643738, 0.8318013548851013, 0.8604235649108887, 0.7227882146835327, 0.9788839221000671]",MeanPoolLinear_NLL,MeanPoolLinear_NLL_seed46,meanpool_linear,MeanPoolLinear,nll,NLL
