seed,model,r2_set_repr_mean,r2_z_mean,r2_set_repr_pf,r2_z_pf,experiment_name,run_id,architecture,architecture_tag,loss_mode,loss_tag
46,FlatMLP_RESVAR,0.7559887170791626,0.9122570753097534,"[0.8496034145355225, 0.9348180890083313, 0.7060309648513794, 0.519197940826416, 0.4925333261489868, 0.49571698904037476, 0.8890842795372009, 0.8678712844848633, 0.825818657875061, 0.9792129397392273]","[0.9601399302482605, 0.9782428741455078, 0.9268749952316284, 0.8245967626571655, 0.8388480544090271, 0.7859534025192261, 0.9741474390029907, 0.9239377379417419, 0.9120849370956421, 0.9977452158927917]",FlatMLP_RESVAR,FlatMLP_RESVAR_seed46,flatmlp,FlatMLP,residual_variance_reg,RESVAR
