seed,model,coverage_pf_mean,coverage_pf,q_pf,experiment_name,run_id,architecture,architecture_tag,loss_mode,loss_tag
45,DeepSets_RESVAR+conformal90,0.8993015873015873,"[0.8958333333333334, 0.8980952380952381, 0.903968253968254, 0.9006349206349207, 0.8977777777777778, 0.8997619047619048, 0.8972619047619048, 0.8986507936507937, 0.8967857142857143, 0.9042460317460318]","[0.43428337574005127, 0.3220357894897461, 0.5530622005462646, 0.7322647571563721, 0.7270885109901428, 0.8679096698760986, 0.2603287696838379, 0.40180703997612, 0.4735417664051056, 0.07153847813606262]",DeepSets_RESVAR,DeepSets_RESVAR_seed45,deepsets,DeepSets,residual_variance_reg,RESVAR
