seed,model,r2_set_repr_mean,r2_z_mean,r2_set_repr_pf,r2_z_pf,experiment_name,run_id,architecture,architecture_tag,loss_mode,loss_tag
46,DeepSets_RESVAR,0.8144289255142212,0.8234227895736694,"[0.9164965152740479, 0.9586799740791321, 0.8279197812080383, 0.6375603675842285, 0.5666584968566895, 0.5369060635566711, 0.9497759938240051, 0.8980008363723755, 0.8546494245529175, 0.9976416826248169]","[0.9319610595703125, 0.9600639343261719, 0.8400614261627197, 0.6416962146759033, 0.5960078239440918, 0.5416277647018433, 0.9573884010314941, 0.9009007811546326, 0.8670895099639893, 0.9974312782287598]",DeepSets_RESVAR,DeepSets_RESVAR_seed46,deepsets,DeepSets,residual_variance_reg,RESVAR
