seed,model,r2_set_repr_mean,r2_z_mean,r2_set_repr_pf,r2_z_pf,experiment_name,run_id,architecture,architecture_tag,loss_mode,loss_tag
45,MeanPoolMLP_RESVAR,0.6846988797187805,0.8030104637145996,"[0.7676804065704346, 0.891372561454773, 0.6229935884475708, 0.4144894480705261, 0.37114429473876953, 0.3854794502258301, 0.8317912817001343, 0.8604040741920471, 0.7227491140365601, 0.9788844585418701]","[0.8981733322143555, 0.9477381110191345, 0.8242858648300171, 0.6230416297912598, 0.6026283502578735, 0.5255928635597229, 0.9251362085342407, 0.895880937576294, 0.7899543046951294, 0.9976730346679688]",MeanPoolMLP_RESVAR,MeanPoolMLP_RESVAR_seed45,meanpool,MeanPoolMLP,residual_variance_reg,RESVAR
