seed,model,coverage_pf_mean,coverage_pf,q_pf,experiment_name,run_id,architecture,architecture_tag,loss_mode,loss_tag
47,DeepSets_NLL+conformal90,0.8991984126984127,"[0.9044444444444445, 0.9006349206349207, 0.8988888888888888, 0.9007142857142857, 0.9029365079365079, 0.8959126984126984, 0.8986904761904762, 0.8952380952380953, 0.8972222222222223, 0.8973015873015873]","[0.46659672260284424, 0.3202648460865021, 0.5467265844345093, 0.8069237470626831, 0.8667933344841003, 0.8935039043426514, 0.24847300350666046, 0.41345834732055664, 1.3459217548370361, 0.068163201212883]",DeepSets_NLL,DeepSets_NLL_seed47,deepsets,DeepSets,nll,NLL
