seed,model,r2_set_repr_mean,r2_z_mean,r2_set_repr_pf,r2_z_pf,experiment_name,run_id,architecture,architecture_tag,loss_mode,loss_tag
45,FactorQuery_RESVAR,0.8039329648017883,0.0024433135986328125,"[0.9100468158721924, 0.9444541931152344, 0.7852808237075806, 0.5894935131072998, 0.558563232421875, 0.5713527202606201, 0.9305835366249084, 0.8888287544250488, 0.8660770654678345, 0.9946491718292236]","[0.007761240005493164, 5.91278076171875e-05, -0.0011713504791259766, 0.0019088983535766602, 0.0003643631935119629, 0.00237119197845459, 0.0019324421882629395, 0.0014928579330444336, 0.0031432509422302246, 0.0065711140632629395]",FactorQuery_RESVAR,FactorQuery_RESVAR_seed45,factorquery,FactorQuery,residual_variance_reg,RESVAR
