seed,model,r2_set_repr_mean,r2_z_mean,r2_set_repr_pf,r2_z_pf,experiment_name,run_id,architecture,architecture_tag,loss_mode,loss_tag
47,FactorQuery_RESVAR,0.8278366923332214,0.00031015873537398875,"[0.9138230085372925, 0.9481304883956909, 0.8066875338554382, 0.6364715695381165, 0.652558445930481, 0.6141469478607178, 0.9393652677536011, 0.9025535583496094, 0.8802911043167114, 0.9843389391899109]","[0.0006210803985595703, 0.00027489662170410156, -8.14199447631836e-05, 0.0003012418746948242, 7.545948028564453e-05, 0.0008373856544494629, -0.0002262592315673828, 0.00019186735153198242, 0.0006315708160400391, 0.00047576427459716797]",FactorQuery_RESVAR,FactorQuery_RESVAR_seed47,factorquery,FactorQuery,residual_variance_reg,RESVAR
