seed,model,coverage_pf_mean,coverage_pf,q_pf,experiment_name,run_id,architecture,architecture_tag,loss_mode,loss_tag
46,FactorQuery_RESVAR+conformal90,0.8995634920634921,"[0.9061111111111111, 0.9035714285714286, 0.8947619047619048, 0.896547619047619, 0.8994444444444445, 0.8957936507936508, 0.9010317460317461, 0.8980952380952381, 0.9001984126984127, 0.900079365079365]","[0.4866882264614105, 0.3422859311103821, 0.7739030718803406, 0.970007061958313, 0.9678220748901367, 0.9502615928649902, 0.25921452045440674, 0.44937098026275635, 0.7607579827308655, 0.09644489735364914]",FactorQuery_RESVAR,FactorQuery_RESVAR_seed46,factorquery,FactorQuery,residual_variance_reg,RESVAR
