seed,model,coverage_pf_mean,coverage_pf,q_pf,experiment_name,run_id,architecture,architecture_tag,loss_mode,loss_tag
45,FactorQuery_NLL+conformal90,0.8998333333333333,"[0.9018650793650793, 0.9003968253968254, 0.8994444444444445, 0.9031349206349206, 0.8951587301587302, 0.8973412698412698, 0.8965079365079365, 0.9016666666666666, 0.9015079365079365, 0.9013095238095238]","[0.46022751927375793, 0.3271627426147461, 0.6843754053115845, 0.8737667798995972, 0.8494211435317993, 0.8791951537132263, 0.2355867475271225, 0.45025014877319336, 0.6112277507781982, 0.07849197089672089]",FactorQuery_NLL,FactorQuery_NLL_seed45,factorquery,FactorQuery,nll,NLL
