seed,model,coverage_pf_mean,coverage_pf,q_pf,experiment_name,run_id,architecture,architecture_tag,loss_mode,loss_tag
46,FactorQuery_NLL+conformal90,0.8999246031746033,"[0.9038492063492064, 0.8984920634920635, 0.8971031746031746, 0.8973412698412698, 0.9019444444444444, 0.9013492063492063, 0.8972619047619048, 0.8981349206349206, 0.9027777777777778, 0.9009920634920635]","[0.4660024344921112, 0.36291828751564026, 0.6677812337875366, 0.8528515100479126, 0.8828831315040588, 0.8820670247077942, 0.24030128121376038, 0.4381609857082367, 0.5280373096466064, 0.09362506121397018]",FactorQuery_NLL,FactorQuery_NLL_seed46,factorquery,FactorQuery,nll,NLL
