seed,model,coverage_pf_mean,coverage_pf,q_pf,experiment_name,run_id,architecture,architecture_tag,loss_mode,loss_tag
45,MeanPoolMLP_RESVAR+conformal90,0.8983571428571429,"[0.897420634920635, 0.8949206349206349, 0.8976984126984127, 0.8996031746031746, 0.8990476190476191, 0.8980952380952381, 0.8963492063492063, 0.8992063492063492, 0.8994444444444445, 0.9017857142857143]","[0.5701760649681091, 0.434304416179657, 0.6259227395057678, 0.7875128984451294, 0.7810717821121216, 0.8616529703140259, 0.38234803080558777, 0.4067959189414978, 0.669058084487915, 0.06654070317745209]",MeanPoolMLP_RESVAR,MeanPoolMLP_RESVAR_seed45,meanpool,MeanPoolMLP,residual_variance_reg,RESVAR
